Headline,Department,Keywords
PickleJar Launches New Ticketing Platform Milestone and Expands Service to Include Fan Experiences Within the App,Sales,Ticketing
PickleJar Debuts New Campaign to Spotlight the Return of Live Music,Marketing,Campaign
Entertainment Payments Platform PickleJar Thrives With Artist-First Focus,Operations,Thrives
"First Responder Technologies raised $74,655 / Debt Financing",Finance,Financing
Making Internet of Things even smarter is the focus on Morrisville firm Device Solutions,Engineering,Smarter
"First Responder and Airbeam Wireless Technologies Extend LOI, Continue To Work Towards Definitive Agreement",Legal,Agreement
Verizon Launches Public Safety Advisory Council Event Series,Media and Communication,Event
"Hon. Stockwell Day, PC Appointed as Chairman of The Board of First Responder Technologies Inc.",Leadership,Chairman
"BodyWorn by Utility, Inc. Announces New Chief Executive Officer from the tech industry to lead the company",Leadership,CEO
First Responder Technologies Commences Trading on the OTCQB Market in the United States,Accounting,Trading
